{
  "skipped bibcodes": [],
  "basic stats": {
    "number of papers": 133,
    "normalized paper count": 21.04293072220873,
    "total number of reads": 7659,
    "average number of reads": 57.58646616541353,
    "median number of reads": 17.0,
    "recent number of reads": 1128,
    "total number of downloads": 3276,
    "average number of downloads": 26.208,
    "median number of downloads": 1.0,
    "recent number of downloads": 537
  },
  "basic stats refereed": {
    "number of papers": 32,
    "normalized paper count": 6.028984236661919,
    "total number of reads": 5942,
    "average number of reads": 185.6875,
    "median number of reads": 173.0,
    "recent number of reads": 973,
    "total number of downloads": 2839,
    "average number of downloads": 88.71875,
    "median number of downloads": 84.5,
    "recent number of downloads": 494
  },
  "citation stats": {
    "number of citing papers": 422,
    "number of self-citations": 97,
    "self-citations": [
      "2020ApJS..248....5V",
      "2021Atmos..12.1277N",
      "2021SoPh..296...67A",
      "2023ApJ...950...51J",
      "2025ApJ...982L..40A",
      "2019ApJ...879L...6A",
      "2025ApJ...986L..28H",
      "2025A&A...694A.265A",
      "2021ApJ...923..116M",
      "2023A&A...676A..36L",
      "2025arXiv250418092A",
      "2021ApJ...909....7K",
      "2022RNAAS...6..135A",
      "2025ApJ...984L..64A",
      "2022ApJ...924..112V",
      "2019ApJ...884L..53W",
      "2022FrASS...956347R",
      "2023BAAS...55c.341R",
      "2025ApJ...982L..40A",
      "2023SoPh..298...78W",
      "2025A&A...694A.265A",
      "2023A&A...676A..36L",
      "2025arXiv250418092A",
      "2025A&A...693A.243D",
      "2025A&A...694A.265A",
      "2025ApJ...980...70R",
      "2020ApJS..246...70H",
      "2025A&A...694A.265A",
      "2020MNRAS.498.5524W",
      "2025ApJ...982L..40A",
      "2021ApJ...923..116M",
      "2025arXiv250418092A",
      "2021ApJ...909....7K",
      "2022RNAAS...6..135A",
      "2025ApJ...984L..64A",
      "2022ApJ...924..112V",
      "2022FrASS...956347R",
      "2023BAAS...55c.341R",
      "2024ApJ...974..198R",
      "2025ApJ...980...70R",
      "2020ApJS..246...70H",
      "2020ApJS..248....5V",
      "2025A&A...694A.265A",
      "2021ApJ...923..116M",
      "2021ApJ...909....7K",
      "2022ApJ...924..112V",
      "2019ApJ...884L..53W",
      "2024ApJ...974..198R",
      "2023SoPh..298...78W",
      "2025A&A...694A.265A",
      "2023A&A...676A..36L",
      "2025arXiv250418092A",
      "2025ApJ...980...70R",
      "2025GeoRL..5215186B",
      "2025GeoRL..5215186B",
      "2025ApJ...982L..40A",
      "2025A&A...694A.265A",
      "2024ApJ...964L..31A",
      "2020ApJS..248....5V",
      "2021ApJ...923..116M",
      "2025GeoRL..5215186B",
      "2025ApJ...984L..64A",
      "2025arXiv250418092A",
      "2025ApJ...982L..40A",
      "2025A&A...694A.265A",
      "2024ApJ...974..198R",
      "2025ApJ...980...70R",
      "2025ApJ...982L..40A",
      "2025ApJ...984L..64A",
      "2022RNAAS...6..135A",
      "2023ApJ...952...42A",
      "2021SoPh..296...67A",
      "2023IAUS..372....3M",
      "2025ApJ...982L..40A",
      "2025A&A...694A.265A",
      "2025arXiv250418092A",
      "2025ApJ...980...70R",
      "2020ApJS..248....5V",
      "2020MNRAS.498.5524W",
      "2025ApJ...986L..28H",
      "2021Atmos..12.1277N",
      "2025ApJ...982L..40A",
      "2021ApJ...923..116M",
      "2025arXiv250418092A",
      "2025ApJ...984L..64A",
      "2022ApJ...924..112V",
      "2022RNAAS...6..135A",
      "2025ApJ...982L..40A",
      "2023ApJ...952...42A",
      "2025A&A...694A.265A",
      "2025ApJ...980...70R",
      "2025ApJ...984L..64A",
      "2025ApJ...986L..28H",
      "2025ApJ...982L..40A",
      "2022RNAAS...6..135A",
      "2025ApJ...984L..64A",
      "2025arXiv250418092A"
    ],
    "total number of citations": 741,
    "average number of citations": 5.571428571428571,
    "median number of citations": 0.0,
    "normalized number of citations": 99.68882620292467,
    "total number of refereed citations": 685,
    "average number of refereed citations": 5.150375939849624,
    "median number of refereed citations": 0.0,
    "normalized number of refereed citations": 92.51210382829208
  },
  "citation stats refereed": {
    "number of citing papers": 413,
    "number of self-citations": 97,
    "total number of citations": 730,
    "average number of citations": 22.8125,
    "median number of citations": 13.5,
    "normalized number of citations": 98.04116452955967,
    "total number of refereed citations": 676,
    "average number of refereed citations": 21.125,
    "median number of refereed citations": 11.5,
    "normalized number of refereed citations": 91.04826568433884
  },
  "histograms": {
    "publications": {
      "all publications": {
        "2014": 2,
        "2015": 3,
        "2016": 2,
        "2017": 9,
        "2018": 9,
        "2019": 10,
        "2020": 9,
        "2021": 11,
        "2022": 32,
        "2023": 25,
        "2024": 13,
        "2025": 8
      },
      "refereed publications": {
        "2014": 0,
        "2015": 0,
        "2016": 0,
        "2017": 0,
        "2018": 2,
        "2019": 3,
        "2020": 4,
        "2021": 4,
        "2022": 4,
        "2023": 5,
        "2024": 3,
        "2025": 7
      },
      "all publications normalized": {
        "2014": 0.25396825396825395,
        "2015": 0.6761904761904762,
        "2016": 0.5833333333333333,
        "2017": 2.6428571428571432,
        "2018": 2.0,
        "2019": 2.9031746031746035,
        "2020": 0.7126202300115343,
        "2021": 2.2111111111111112,
        "2022": 3.943817350481933,
        "2023": 1.9700861463070594,
        "2024": 0.9324058587216483,
        "2025": 2.2133662160516376
      },
      "refereed publications normalized": {
        "2014": 0,
        "2015": 0,
        "2016": 0,
        "2017": 0,
        "2018": 0.45,
        "2019": 1.6666666666666665,
        "2020": 0.20333000333000334,
        "2021": 0.6777777777777778,
        "2022": 0.3257408226448474,
        "2023": 0.39626941685765216,
        "2024": 0.29583333333333334,
        "2025": 2.013366216051638
      }
    },
    "reads": {
      "all reads": {
        "1996": 0,
        "1997": 0,
        "1998": 0,
        "1999": 0,
        "2000": 0,
        "2001": 0,
        "2002": 0,
        "2003": 0,
        "2004": 0,
        "2005": 0,
        "2006": 0,
        "2007": 0,
        "2008": 0,
        "2009": 0,
        "2010": 0,
        "2011": 0,
        "2012": 0,
        "2013": 0,
        "2014": 0,
        "2015": 11,
        "2016": 19,
        "2017": 14,
        "2018": 138,
        "2019": 347,
        "2020": 1143,
        "2021": 845,
        "2022": 949,
        "2023": 1525,
        "2024": 1540,
        "2025": 1128
      },
      "all reads normalized": {
        "1996": 0.0,
        "1997": 0.0,
        "1998": 0.0,
        "1999": 0.0,
        "2000": 0.0,
        "2001": 0.0,
        "2002": 0.0,
        "2003": 0.0,
        "2004": 0.0,
        "2005": 0.0,
        "2006": 0.0,
        "2007": 0.0,
        "2008": 0.0,
        "2009": 0.0,
        "2010": 0.0,
        "2011": 0.0,
        "2012": 0.0,
        "2013": 0.0,
        "2014": 0.0,
        "2015": 1.4126984126984126,
        "2016": 2.5746031746031743,
        "2017": 2.4857142857142858,
        "2018": 28.616666666666664,
        "2019": 79.22301587301587,
        "2020": 135.77915273132666,
        "2021": 100.37945831183819,
        "2022": 123.304387001887,
        "2023": 151.0268915965151,
        "2024": 155.57719761097724,
        "2025": 173.43017314443716
      },
      "refereed reads": {
        "1996": 0,
        "1997": 0,
        "1998": 0,
        "1999": 0,
        "2000": 0,
        "2001": 0,
        "2002": 0,
        "2003": 0,
        "2004": 0,
        "2005": 0,
        "2006": 0,
        "2007": 0,
        "2008": 0,
        "2009": 0,
        "2010": 0,
        "2011": 0,
        "2012": 0,